{"batch_size": 64, "_timestamp": 1654443763, "_runtime": 1281, "_step": 102, "optimizer": "SGD", "lr": 0.01, "train_loss": 0.12160249799489975, "test_loss": 0.15255533168863528, "acc": 0.9469, "mean_loss": -2.798008790705353e-05, "_wandb": {"runtime": 1276}}